INSERT INTO ADDRESS(ID, CITY, BUILDING_NUMBER, STREET, ZIP_CODE) VALUES (1, 'Łódź', 1, 'Street X', '12-341');
INSERT INTO ADDRESS(ID, CITY,  BUILDING_NUMBER, STREET, ZIP_CODE) VALUES (2, 'Warszawa', 2, 'Street Y', '12-342');
INSERT INTO ADDRESS(ID, CITY,  BUILDING_NUMBER, STREET, ZIP_CODE,FLAT_NUMBER) VALUES (3, 'Łódź',  3, 'Street Z', '12-343',2);
INSERT INTO ADDRESS(ID, CITY,  BUILDING_NUMBER, STREET, ZIP_CODE) VALUES (4, 'Łódź',  4, 'Street XX', '12-344');
INSERT INTO ADDRESS(ID, CITY,  BUILDING_NUMBER, STREET, ZIP_CODE) VALUES (5, 'Łódź',  5, 'Street YY', '12-345');
INSERT INTO ADDRESS(ID, CITY,  BUILDING_NUMBER, STREET, ZIP_CODE) VALUES (6, 'Łódź',  6, 'Street ZZ', '12-346');
INSERT INTO ADDRESS(ID, CITY,  BUILDING_NUMBER, STREET, ZIP_CODE) VALUES (7, 'Łódź',  7, 'Street XXX', '12-347');

INSERT INTO COMPANY(ID, NAME, MAIN_OFFICE_ADRESS_ID,DESCRIPTION) VALUES (1, 'Transition Technologies',1, 'OPIS');

INSERT INTO DEPARTMENT(ID, NAME, COMPANY_ID,DESCRIPTION) VALUES (1, 'Sales & Marketing', 1,'OPIS');
INSERT INTO DEPARTMENT(ID, NAME, COMPANY_ID) VALUES (2, 'Research & Development', 1);
INSERT INTO DEPARTMENT(ID, NAME, COMPANY_ID) VALUES (3, 'Administration', 1);
INSERT INTO DEPARTMENT(ID, NAME, COMPANY_ID) VALUES (4, 'Human Resources', 1);
INSERT INTO DEPARTMENT(ID, NAME, COMPANY_ID) VALUES (5, 'Sales & Marketing', 1);

INSERT INTO OFFICE(ID, NAME, ADDRESS_ID, DEPARTMENT_ID,DESCRIPTION) VALUES (1, 'Office of S&M Boston', 4, 1,'OPIS');
INSERT INTO OFFICE(ID, NAME, ADDRESS_ID, DEPARTMENT_ID) VALUES (2, 'Office of S&M New York', 5, 1);
INSERT INTO OFFICE(ID, NAME, ADDRESS_ID, DEPARTMENT_ID) VALUES (3, 'Office of R&D Boston', 6, 2);
INSERT INTO OFFICE(ID, NAME, ADDRESS_ID, DEPARTMENT_ID) VALUES (4, 'Office of A Los Angeles', 7, 3);


INSERT INTO EMPLOYEE(ID, NAME, SURNAME, EMAIL,ADDRESS_ID, OFFICE_ID) VALUES (1, 'John', 'William','email@email.com', 1, 1);
INSERT INTO EMPLOYEE(ID, NAME, SURNAME, ADDRESS_ID, OFFICE_ID) VALUES (2, 'Robert', 'James', 2, 2);
INSERT INTO EMPLOYEE(ID, NAME, SURNAME, ADDRESS_ID, OFFICE_ID) VALUES (3, 'Donald', 'Tyler', 3, 3);

INSERT INTO WAREHOUSE(ID, NAME, OFFICE_ID) VALUES (1,'MAIN WAREHOUSE',1);

INSERT INTO DEVICE(ID, SERIAL_NUMBER, WAREHOUSE_ID) VALUES (1, 'XYZ10ABC', 1);
INSERT INTO DEVICE(ID, SERIAL_NUMBER, WAREHOUSE_ID) VALUES (2, 'XYZ11ABC', 1);
INSERT INTO DEVICE(ID, SERIAL_NUMBER, WAREHOUSE_ID) VALUES (3, 'XYZ12ABC', 1);
INSERT INTO DEVICE(ID, SERIAL_NUMBER, WAREHOUSE_ID) VALUES (4, 'XYZ13ABC', 1);


